"chain","CHROM","sig_SNP","sig_SNP_POS","sig_SNP_name","peak_start","peak_end","snps_in_chain","dist.focal.snp"
1,1,0.00387505617298214,5281292,"Os2556",5181292,5381292,4,NA
2,1,8.3214580492052e-06,5547921,"Os2669",5447921,5647921,9,266629
3,1,0.0084163264839817,5712349,"Os2787",5612349,5812349,1,164428
4,1,0.00854023162580132,6265041,"Os3047",6165041,6365041,3,552692
5,3,0.0086018439290557,33554998,"Os51956",33454998,33654998,1,NA
6,9,0.00387505617298214,21067440,"Os136236",20967440,21167440,4,NA
