"chain","CHROM","sig_SNP","sig_SNP_POS","sig_SNP_name","peak_start","peak_end","snps_in_chain","dist.focal.snp"
1,1,0.00603654562335736,27490792,"Os13647",27390792,27590792,1,NA
2,1,0.00320063281958282,27671333,"Os13686",27571333,27771333,1,180541
3,1,0.00493361730814691,28362657,"Os13853",28262657,28462657,2,691324
4,8,0.000220626610141449,19908809,"Os122271",19808809,20008809,1,NA
5,8,0.000962410620863282,20171937,"Os122520",20071937,20271937,1,263128
6,8,0.00245668646240497,20300836,"Os122566",20200836,20400836,1,128899
