"CHROM","POS","SNP","CHROM_NUM","prec_pcs_10_KB","temp_pcs_10_KB","temp6_10_KB","chain"
"CP018157.1",5186583,"Os2529",1,0.996286299139144,0.000623349440065624,0.00854023162580132,1
"CP018157.1",5254005,"Os2550",1,0.996779734801463,0.000174582814734859,0.00656363116267154,1
"CP018157.1",5265312,"Os2552",1,0.996286299139144,0.000214709593207803,0.00782480162588127,1
"CP018157.1",5281292,"Os2556",1,0.996286299139144,0.000236014749132893,0.00387505617298214,1
"CP018157.1",5429218,"Os2611",1,0.997390349011154,0.000214709593207803,0.00857331396262572,2
"CP018157.1",5495147,"Os2638",1,0.99339712513018,9.03914185526481e-06,0.000638906081965457,2
"CP018157.1",5511205,"Os2639",1,0.994686931968835,9.96224553587611e-06,0.000750612955269683,2
"CP018157.1",5523013,"Os2650",1,0.996286299139144,1.07357454252112e-06,5.03111011007602e-05,2
"CP018157.1",5537324,"Os2663",1,0.996612805405193,1.54978409359559e-05,0.000615379273062495,2
"CP018157.1",5547921,"Os2669",1,0.996286299139144,3.94810382282936e-07,8.3214580492052e-06,2
"CP018157.1",5562703,"Os2676",1,0.996286299139144,3.8973435320527e-07,8.3214580492052e-06,2
"CP018157.1",5573476,"Os2685",1,0.996286299139144,1.07357454252112e-06,1.87005014597529e-05,2
"CP018157.1",5586378,"Os2691",1,0.996286299139144,4.54235890799203e-07,1.44624240653984e-05,2
"CP018157.1",5712349,"Os2787",1,0.996286299139144,0.171721489341973,0.0084163264839817,3
"CP018157.1",6228843,"Os3030",1,0.997943419268919,0.173392221746203,0.00880139282420725,4
"CP018157.1",6254975,"Os3041",1,0.997943419268919,0.173392221746203,0.00880139282420725,4
"CP018157.1",6265041,"Os3047",1,0.997853041278834,0.162756565363255,0.00854023162580132,4
"CP018159.1",33554998,"Os51956",3,0.975016207138383,0.0474714880581211,0.0086018439290557,5
"CP018165.1",21051791,"Os136229",9,0.973115203740634,0.294469503481095,0.00613470569042939,6
"CP018165.1",21067440,"Os136236",9,0.973456557094283,0.282470191862134,0.00387505617298214,6
"CP018165.1",21080683,"Os136244",9,0.990226962687738,0.332259387064467,0.00854023162580132,6
"CP018165.1",21080961,"Os136245",9,0.969632918972912,0.489187127060967,0.00880139282420725,6
