"CHROM","POS","SNP","CHROM_NUM","prec_pcs_10_KB","temp_pcs_10_KB","temp6_10_KB","chain"
"CP018157.1",27490792,"Os13647",1,0.00603654562335736,0.995573727735946,0.999901548583107,1
"CP018157.1",27671333,"Os13686",1,0.00320063281958282,0.995573727735946,0.999901548583107,2
"CP018157.1",28362657,"Os13853",1,0.00493361730814691,0.999962938839571,0.997368842831328,3
"CP018157.1",28391209,"Os13861",1,0.00560668095740698,0.999512060550015,0.999157345652978,3
"CP018164.1",19908809,"Os122271",8,0.000220626610141449,0.956192978203166,0.998330739643789,4
"CP018164.1",20171937,"Os122520",8,0.000962410620863282,0.961027919821699,0.999901548583107,5
"CP018164.1",20300836,"Os122566",8,0.00245668646240497,0.996610079440595,0.999901548583107,6
